Gene.ID	COSMIC.Identifier	Mutation.Type	HGVS.Nomenclature	Amino.Acid	Ladder.Target.AF
AKT1	COSM33765	Substitution	c.49G>A	p.E17K	10%
APC	COSM13127	Substitution	c.4348C>T	p.R1450*	10%
APC	COSM18561	Insertion in HP 7N	c.4666_4667insA	p.T1556fs*3	10%
ATM	COSM21924	Deletion	c.1058_1059delGT	p.C353fs*5	10%
ERBB2	COSM682/ 20959	Insertion	c.2324_2325ins12	p.A775_G776insYVMA	10%
GNA11	COSM52969	Substitution	c.626A>T	p.Q209L	10%
GNAQ	COSM28758	SNV in HP 3N	c.626A>C	p.Q209P	10%
KIT	COSM1314	Substitution	c.2447A>T	p.D816V	10%
MPL	COSM18918	Substitution	c.1544G>T	p.W515L	10%
NCOA4-RET	NA	Gene Fusion	NCOA4{NC_00010.10}:r.1_1014+1312_RET
{NC_000010.10}:r.2327-1437_5659	NA	10%
PDGFRA	COSM736	Substitution	c.2525A>T	p.D842V	10%
PIK3CA	COSM763	Substitution	c.1633G>A	p.E545K	10%
SMAD4	COSM14105	Insertion	c.1394_1395insT	p.A466fs*28	10%
TPR-ALK	NA	Gene Fusion	TPR{NC_000001.10}:r.1_ 2185+ +246_ALK
{NC_000002.11}:r.4125-550_6265	NA	10%
CTNNB1	COSM5664	Substitution	c.121A>G	p.T41A	7%
EGFR	COSM6224	SNV in 3N	c.2573T>G	p.L858R	7%
GNAS	COSM27887	Substitution	c.601C>T	p.R201C	7%
JAK2	COSM12600	SNV in HP 3N	c.1849G>T	p.V617F	7%
KRAS	COSM521	Substitution	c.35G>A	p.G12D	7%
NPM1	COSM17559	Insertion	c.863_864insTCTG	p.W288fs*12	7%
NRAS/CSDE1	COSM584	Substitution	c.182A>G	p.Q61R	7%
PTEN	COSM4986	Insertion	c.741_742insA	p.P248fs*5	7%
PTEN	COSM5809	Deletion 6N > 5N	c.800delA	p.K267fs*9	7%
TP53	COSM10648	Substitution	c.524G>A	p.R175H	7%
TP53	COSM10660	Substitution	c.818G>A	p.R273H	7%
TP53	COSM10662	Substitution	c.743G>A	p.R248Q	7%
TP53	COSM6530	Deletion	c.723delC	p.C242fs*5	7%
BRAF	COSM476	Substitution	c.1799T>A	p.V600E	4%
EGFR	COSM12378	Insertion	c.2310_2311insGGT	p.D770_N771insG	4%
EGFR	COSM6225	Deletion	c.2236_2250del15	p.E746_A750delELREA	4%
EGFR	COSM6240	Substitution	c.2369C>T	p.T790M	4%
FGFR3	COSM715	Substitution	c.746C>G	p.S249C	4%
FLT3	COSM783	Substitution	c.2503G>T	p.D835Y	4%
FOXL2	COSM33661	Substitution	c.402C>G	p.C134W	4%
IDH1	COSM28747	Substitution	c.394C>T	p.R132C	4%
PDGFRA	COSM28053	Insertion	c.1694_1695insA	p.S566fs*6	4%
PIK3CA	COSM12464	Insertion	c.3204_3205insA	p.N1068fs*4	4%
PIK3CA	COSM775	Substitution	c.3140A>G	p.H1047R	4%
RET	COSM965	Substitution	c.2753T>C	p.M918T	4%
TP53	COSM18610	Deletion 5N >4N	c.263delC	p.S90fs*33	4%
